{"cameraMode":{"drawMode":0,"name":"Shaded","section":"Shading Mode"},"sceneLighting":false,"audioPlay":false,"sceneViewState":{"showFog":true,"showMaterialUpdate":false,"showSkybox":false,"showFlares":true,"showImageEffects":true,"showParticleSystems":true},"in2DMode":false,"pivot":{"x":-4.694301605224609,"y":-1.3160446882247925,"z":2.027953624725342},"rotation":{"x":0.14564380049705506,"y":-0.6055727005004883,"z":0.1139693483710289,"w":0.7740402817726135},"size":3.641368865966797,"orthographic":false}