{"cameraMode":{"drawMode":0,"name":"Shaded","section":"Shading Mode"},"sceneLighting":false,"audioPlay":false,"sceneViewState":{"showFog":true,"showMaterialUpdate":false,"showSkybox":false,"showFlares":true,"showImageEffects":true,"showParticleSystems":true},"in2DMode":false,"pivot":{"x":-3.7439258098602297,"y":-0.5314361453056336,"z":4.086644649505615},"rotation":{"x":-0.12226206064224243,"y":0.0832347571849823,"z":-0.01027772668749094,"w":-0.98897385597229},"size":9.134066581726075,"orthographic":false}