{"cameraMode":{"drawMode":0,"name":"Shaded","section":"Shading Mode"},"sceneLighting":false,"audioPlay":false,"sceneViewState":{"showFog":true,"showMaterialUpdate":false,"showSkybox":false,"showFlares":true,"showImageEffects":true,"showParticleSystems":true},"in2DMode":false,"pivot":{"x":-9.057212829589844,"y":-13.272332191467286,"z":3.4662904739379885},"rotation":{"x":-0.3190743625164032,"y":0.10910984873771668,"z":-0.03698835149407387,"w":-0.9407259821891785},"size":9.35556411743164,"orthographic":false}