{"cameraMode":{"drawMode":0,"name":"Shaded","section":"Shading Mode"},"sceneLighting":true,"audioPlay":false,"sceneViewState":{"showFog":true,"showMaterialUpdate":false,"showSkybox":false,"showFlares":true,"showImageEffects":true,"showParticleSystems":true},"in2DMode":false,"pivot":{"x":-7.761046886444092,"y":-2.9014906883239748,"z":0.7859476208686829},"rotation":{"x":0.11670123785734177,"y":-0.4387483596801758,"z":0.05757882446050644,"w":0.8891575932502747},"size":2.1328799724578859,"orthographic":false}