{"cameraMode":{"drawMode":0,"name":"Shaded","section":"Shading Mode"},"sceneLighting":false,"audioPlay":false,"sceneViewState":{"showFog":true,"showMaterialUpdate":false,"showSkybox":false,"showFlares":true,"showImageEffects":true,"showParticleSystems":true},"in2DMode":false,"pivot":{"x":98.28044891357422,"y":31.546409606933595,"z":1.0688139200210572},"rotation":{"x":-0.000008198534487746656,"y":-0.020703447982668878,"z":-0.0003356929519213736,"w":-0.999900221824646},"size":10.0,"orthographic":false}