{"cameraMode":{"drawMode":0,"name":"Shaded","section":"Shading Mode"},"sceneLighting":true,"audioPlay":false,"sceneViewState":{"showFog":true,"showMaterialUpdate":false,"showSkybox":false,"showFlares":true,"showImageEffects":true,"showParticleSystems":true},"in2DMode":false,"pivot":{"x":-18.895856857299806,"y":6.459818363189697,"z":-2.832101583480835},"rotation":{"x":-0.05384162813425064,"y":-0.7641377449035645,"z":-0.0643477737903595,"w":0.6395978331565857},"size":14.879461288452149,"orthographic":false}