{"cameraMode":{"drawMode":0,"name":"Shaded","section":"Shading Mode"},"sceneLighting":true,"audioPlay":false,"sceneViewState":{"showFog":true,"showMaterialUpdate":false,"showSkybox":false,"showFlares":true,"showImageEffects":true,"showParticleSystems":true},"in2DMode":false,"pivot":{"x":0.04513620212674141,"y":1.6802157163619996,"z":-2.5435361862182619},"rotation":{"x":0.16196875274181367,"y":-0.3263731300830841,"z":0.056947026401758197,"w":0.9297792911529541},"size":2.361398696899414,"orthographic":false}