{"cameraMode":{"drawMode":0,"name":"Shaded","section":"Shading Mode"},"sceneLighting":true,"audioPlay":false,"sceneViewState":{"showFog":true,"showMaterialUpdate":false,"showSkybox":true,"showFlares":true,"showImageEffects":true,"showParticleSystems":true},"in2DMode":false,"pivot":{"x":2.7288546562194826,"y":-3.8155932426452638,"z":7.008763790130615},"rotation":{"x":0.16018103063106538,"y":-0.17489776015281678,"z":0.029055429622530938,"w":0.971163272857666},"size":10.0,"orthographic":false}