{"cameraMode":{"drawMode":0,"name":"Shaded","section":"Shading Mode"},"sceneLighting":false,"audioPlay":false,"sceneViewState":{"showFog":true,"showMaterialUpdate":false,"showSkybox":false,"showFlares":true,"showImageEffects":true,"showParticleSystems":true},"in2DMode":false,"pivot":{"x":-2.6253910064697267,"y":-0.5071122646331787,"z":0.2460814118385315},"rotation":{"x":0.12880760431289674,"y":-0.7378728985786438,"z":0.14712366461753846,"w":0.6459989547729492},"size":4.795417308807373,"orthographic":false}