{"cameraMode":{"drawMode":0,"name":"Shaded","section":"Shading Mode"},"sceneLighting":true,"audioPlay":false,"sceneViewState":{"showFog":true,"showMaterialUpdate":false,"showSkybox":true,"showFlares":true,"showImageEffects":true,"showParticleSystems":true},"in2DMode":false,"pivot":{"x":-30.343185424804689,"y":8.2822847366333,"z":-34.19990539550781},"rotation":{"x":-0.0013040252961218358,"y":0.998026967048645,"z":0.022150326520204545,"w":0.058752648532390597},"size":10.0,"orthographic":false}