{"cameraMode":{"drawMode":0,"name":"Shaded","section":"Shading Mode"},"sceneLighting":true,"audioPlay":false,"sceneViewState":{"showFog":true,"showMaterialUpdate":false,"showSkybox":true,"showFlares":true,"showImageEffects":true,"showParticleSystems":true},"in2DMode":false,"pivot":{"x":-0.026563413441181184,"y":-1.0632535219192505,"z":5.210790634155273},"rotation":{"x":0.38880789279937746,"y":-0.0033130182418972255,"z":0.0012918927241116763,"w":0.9213922619819641},"size":5.521981239318848,"orthographic":false}