{"cameraMode":{"drawMode":0,"name":"Shaded","section":"Shading Mode"},"sceneLighting":true,"audioPlay":false,"sceneViewState":{"showFog":true,"showMaterialUpdate":false,"showSkybox":true,"showFlares":true,"showImageEffects":true,"showParticleSystems":true},"in2DMode":false,"pivot":{"x":-3.1288042068481447,"y":8.129331588745118,"z":7.0603742599487309},"rotation":{"x":-0.2201104462146759,"y":-0.024861959740519525,"z":0.005615260452032089,"w":-0.9751515984535217},"size":10.0,"orthographic":false}