{"cameraMode":{"drawMode":0,"name":"Shaded","section":"Shading Mode"},"sceneLighting":false,"audioPlay":false,"sceneViewState":{"showFog":true,"showMaterialUpdate":false,"showSkybox":false,"showFlares":true,"showImageEffects":true,"showParticleSystems":true},"in2DMode":false,"pivot":{"x":-6.4426798820495609,"y":2.4824812412261965,"z":-2.874215602874756},"rotation":{"x":-0.04710443690419197,"y":0.7133962512016296,"z":0.04828963056206703,"w":0.697720468044281},"size":2.073293447494507,"orthographic":false}