{"cameraMode":{"drawMode":0,"name":"Shaded","section":"Shading Mode"},"sceneLighting":true,"audioPlay":false,"sceneViewState":{"showFog":true,"showMaterialUpdate":false,"showSkybox":true,"showFlares":true,"showImageEffects":true,"showParticleSystems":true},"in2DMode":false,"pivot":{"x":-41.57560348510742,"y":-1.0041345357894898,"z":56.36049270629883},"rotation":{"x":0.1803453117609024,"y":-0.04421739652752876,"z":0.008243043906986714,"w":0.9827380776405335},"size":10.0,"orthographic":false}