{"cameraMode":{"drawMode":0,"name":"Shaded","section":"Shading Mode"},"sceneLighting":false,"audioPlay":false,"sceneViewState":{"showFog":true,"showMaterialUpdate":false,"showSkybox":false,"showFlares":true,"showImageEffects":true,"showParticleSystems":true},"in2DMode":false,"pivot":{"x":19.68000030517578,"y":2.0,"z":-0.020951390266418458},"rotation":{"x":0.19824367761611939,"y":-0.581319272518158,"z":0.14888697862625123,"w":0.7751884460449219},"size":2.3096272945404054,"orthographic":false}