{"cameraMode":{"drawMode":0,"name":"Shaded","section":"Shading Mode"},"sceneLighting":true,"audioPlay":false,"sceneViewState":{"showFog":true,"showMaterialUpdate":false,"showSkybox":true,"showFlares":true,"showImageEffects":true,"showParticleSystems":true},"in2DMode":false,"pivot":{"x":4.36066198348999,"y":-4.6181793212890629,"z":0.8693990707397461},"rotation":{"x":-0.047456927597522739,"y":0.9503790736198425,"z":-0.24805393815040589,"w":-0.1818012148141861},"size":3.5027947425842287,"orthographic":false}